{"C": 0.6289324408100383, "gamma": 0.0008859287192002239}