{"C": 0.016994636371262764, "gamma": 0.015246748254295629, "loss": 0.3771929824561403}