{"learning_rate": 0.040343472274915984, "n_estimators": 232, "max_depth": 9, "loss": 0.06140350877192979}